trigram,counts
covid 19 cases,66949
covid 19 pandemic,45672
positive covid 19,27273
casos covid 19,19629
new covid 19,19274
due covid 19,17360
covid 19 patients,15283
covid 19 deaths,14041
new coronavirus cases,13789
covid 19 vaccine,12188
covid 19 crisis,11804
positivo covid 19,11239
coronavirus covid 19,10958
covid 19 testing,10666
covid 19 via,10450
spread covid 19,10379
cases covid 19,10294
amid covid 19,9358
da covid 19,9325
tested positive covid,9242
covid 19 test,9021
pandemi covid 19,9007
covid 19 di,8784
covid 19 death,8645
bbc news coronavirus,8137
tests positive coronavirus,8136
covid 19 outbreak,7664
tests positive covid,7596
pandemia covid 19,7570
últimas 24 horas,7541
tested positive coronavirus,6872
covid 19 response,6814
impact covid 19,6556
fight covid 19,6552
new york times,6418
covid 19 virus,6248
covid 19 coronavirus,6052
covid 19 positive,5982
covid 19 tests,5979
test positive covid,5700
died covid 19,5629
bolsonaro tests positive,5584
world health organization,5518
india mitega india,5429
com covid 19,5324
covid 19 lockdown,5179
nuevos casos coronavirus,5051
sign petition via,4961
covid 19 update,4910
last 24 hours,4897
president jair bolsonaro,4840
contagios covid 19,4798
coronavirus cover up,4724
mitega india mitega,4663
penyebaran covid 19,4659
get covid 19,4630
post covid 19,4588
flees hong kong,4551
covid 19 infections,4532
covid 19 spread,4508
covid 19 em,4503
nuevos casos covid,4499
response covid 19,4457
chinese virologist accuses,4380
virologist accuses beijing,4378
dies covid 19,4370
handling covid 19,4329
beijing coronavirus cover,4320
covid 19 case,4302
coronavirus live updates,4169
get well soon,4119
new covid19 cases,4092
muertes covid 19,4082
cover up flees,4043
accuses beijing coronavirus,3988
tested positive covid19,3976
up flees hong,3958
know treat whistleblowers,3954
amid coronavirus pandemic,3949
hong kong know,3932
covid 19 amp,3893
kong know treat,3852
covid 19 impact,3850
new cases covid,3809
covid 19 relief,3757
covid 19 situation,3757
positivos covid 19,3756
pacientes covid 19,3699
positif covid 19,3698
us covid 19,3688
exclusive chinese virologist,3666
number covid 19,3599
du covid 19,3501
tested covid 19,3494
covid19 sign petition,3413
claim coronavirus airborne,3254
covid 19 surge,3225
test positive coronavirus,3185
new cases coronavirus,3183
vacuna covid 19,3183
big claim coronavirus,3178
confirmed covid 19,3169
covid 19 infection,3167
scream inside heart,3123
jair bolsonaro tests,3122
black lives matter,3098
covid 19 related,3095
nick cordero dies,3040
masa pandemi covid,3036
coronavirus death toll,3035
test covid 19,2996
virus covid 19,2949
covid 19 may,2947
di masa pandemi,2934
gt gt gt,2926
penanganan covid 19,2922
000 covid 19,2916
covid 19 través,2887
000 new cases,2876
coronavirus covid19 sarscov2,2875
19 death toll,2852
prueba covid 19,2846
covid 19 dengan,2834
coronavirus cases surge,2821
covid 19 complications,2809
president donald trump,2803
covid 19 numbers,2752
hidup bersih dan,2734
population coronavirus covid19,2734
covid19 sarscov2 forecast,2733
die covid 19,2727
covid 19 treatment,2678
death population coronavirus,2678
new death population,2665
total covid 19,2645
actor nick cordero,2637
dio positivo covid,2589
patuhi protokol kesehatan,2585
highest single day,2582
deaths covid 19,2576
due coronavirus pandemic,2535
million covid 19,2530
covid 19 restrictions,2504
case covid 19,2502
covid 19 covid19,2497
casos positivos covid,2474
infected covid 19,2474
petition via change,2471
brazilian president jair,2463
coronavirus task force,2438
cases totally harmless,2417
like covid 19,2391
covid 19 symptoms,2381
covid 19 patient,2379
covid 19 recovery,2365
dr anthony fauci,2350
covid 19 new,2349
mortes covid 19,2346
covid 19 data,2342
contagio covid 19,2330
coronavirus death rate,2324
dio positivo coronavirus,2309
covid 19 hoax,2300
petition via ukchange,2293
please scream inside,2274
090 2121 hello,2263
uk fantasticradiouk homeofpossibilities,2263
homeofpossibilities believeyourpossibilities stayhomesafelives,2263
co uk fantasticradiouk,2263
2121 hello fantasticradio,2263
hello fantasticradio co,2263
0208 090 2121,2263
fantasticradio co uk,2263
fantasticradiouk homeofpossibilities believeyourpossibilities,2263
entertain empower educate,2263
empower educate talk,2263
stayhomesafelives buy song,2254
believeyourpossibilities stayhomesafelives buy,2254
kids back school,2246
people covid 19,2230
battle covid 19,2229
covid 19 vía,2221
000 new coronavirus,2221
increase covid 19,2217
educate talk us,2215
us 0208 090,2215
talk us 0208,2215
covid 19 could,2201
know covid 19,2201
single day spike,2197
covid 19 still,2193
chinese communist party,2182
covid 19 real,2180
spike covid 19,2173
penularan covid 19,2167
só uma gripezinha,2160
experts big claim,2159
coronavirus cases rise,2155
fallecidos covid 19,2153
risk covid 19,2151
keisha lance bottoms,2137
239 experts big,2132
surge coronavirus cases,2113
da positivo covid,2110
covid 19 méxico,2102
trump covid 19,2082
muertos covid 19,2079
crisis covid 19,2075
covid 19 world,2073
19 death rate,2052
atlanta mayor keisha,2035
government handling covid,2028
evidence emerging airborne,2022
got covid 19,2020
take covid 19,2014
covid 19 país,2011
19 pandemic covid19,2002
surge covid 19,1999
confirmados covid 19,1993
covid 19 venezuela,1976
star nick cordero,1973
go back school,1965
spike coronavirus cases,1948
brazil president jair,1941
hold public inquiry,1933
inquiry government handling,1924
coronavirus disease 2019,1923
public inquiry government,1916
trump claim 99,1905
mayor keisha lance,1905
130 000 americans,1901
broadway actor nick,1892
broadway star nick,1890
months covid 19,1889
realdonaldtrump covid 19,1888
kasus covid 19,1888
epoch times app,1887
brazil president bolsonaro,1885
99 covid 19,1871
times app see,1871
app see exclusive,1871
coverage daily updates,1864
negative covid 19,1850
confirmed coronavirus cases,1844
covid 19 spike,1843
since covid 19,1843
patients nursing homes,1843
says covid 19,1839
covid 19 airborne,1836
serious brain disorders,1834
covid 19 concerns,1834
dying covid 19,1831
world health organisation,1828
covid 19 safety,1820
covid 19 hospital,1808
given covid 19,1804
free covid 19,1798
covid 19 mundo,1796
india covid 19,1794
19 cases harmless,1793
covid 19 tally,1792
cure covid 19,1788
daily covid 19,1787
new cases confirmed,1786
time covid 19,1774
exclusive coronavirus coverage,1774
cordero dies 41,1773
american moneyforthepeople covid19,1767
every american moneyforthepeople,1767
coronaviruspandemic covid19india coronavirus,1765
give 2000 month,1764
casos confirmados covid,1763
masks social distancing,1763
see exclusive coronavirus,1762
coronavirus coverage daily,1758
think covid 19,1756
masker sarung tangan,1756
month every american,1753
2000 month every,1752
da positivo coronavirus,1751
pandemic covid19 sign,1749
baju lengan panjang,1745
pasien covid 19,1740
víctimas covid 19,1740
pela covid 19,1739
covid 19 outbreaks,1738
covid 19 updates,1735
airborne spread covid,1723
distance wash hands,1722
affected covid 19,1719
new york city,1717
000 coronavirus cases,1716
sarung tangan memakai,1715
tangan memakai baju,1713
memakai baju lengan,1711
linked covid 19,1703
menggunakan masker sarung,1702
covid 19 us,1702
covid 19 polriajaktatananhidupbaru,1701
rate covid 19,1701
19 cases rise,1694
2019 covid 19,1690
brain disorders people,1670
covid 19 antibodies,1669
disorders people mild,1667
moneyforthepeople covid19 sign,1662
pencegahan penyebaran covid,1658
of covid 19,1657
mild coronavirus symptoms,1656
emerging airborne spread,1653
update covid 19,1650
help slow spread,1647
sa covid 19,1646
president bolsonaro tests,1643
transmission covid 19,1631
slow spread covid19,1626
believe covid 19,1623
pruebas covid 19,1620
warning serious brain,1620
past 24 hours,1618
kesehatan covid 19,1617
evidence herd immunity,1614
covid 19 contract,1609
number coronavirus cases,1607
covid 19 news,1606
covid 19 transmission,1601
getting covid 19,1599
rise covid 19,1599
usa northamerica cases,1594
bolsonaro da positivo,1594
2020 covid 19,1591
despite covid 19,1590
contract without open,1588
covid 19 seriously,1584
airborne transmission coronavirus,1579
99 coronavirus cases,1574
au covid 19,1572
people mild coronavirus,1567
without open tender,1567
covid19 positive cases,1565
19 contract without,1560
cases single day,1558
frente covid 19,1555
final year students,1555
mencegah penyebaran covid,1554
covid 19 na,1553
brote covid 19,1550
propagación covid 19,1548
patients covid 19,1543
adds evidence herd,1540
protokol kesehatan covid,1538
covid 19 control,1536
covid 19 mortality,1535
please wear mask,1534
total number cases,1531
covid 19 brasil,1525
million coronavirus cases,1525
effects covid 19,1523
casos positivos coronavirus,1517
disease 2019 covid,1503
penyebaran virus corona,1501
wash hands often,1497
amp covid 19,1495
stay at home,1493
nuevos casos positivos,1492
lucha covid 19,1488
fighting covid 19,1486
article amp reuters,1485
stay home much,1477
single day record,1476
total confirmed cases,1473
world covid 19,1473
stop getting tested,1472
long term effects,1465
global covid 19,1456
covid 19 risk,1455
keep safe distance,1455
indiafightscorona stayhome staysafe,1452
covid 19 would,1450
beat covid 19,1450
testing positive covid,1448
от covid 19,1440
worst hit country,1439
new cases covid19,1438
us_fda tuckercarlson foxnews,1435
kita lawan covid,1430
coronainfoch covid19 corona,1428
first time since,1427
latest covid 19,1425
dengan menggunakan masker,1420
brasil jair bolsonaro,1418
sees covid 19,1417
covid 19 guidelines,1415
bersih dan sehat,1413
covid tracker ireland,1411
wear damn mask,1406
130 000 dead,1405
gove cummings given,1402
06 07 2020,1402
links gove cummings,1401
covid 19 going,1399
cummings given covid,1395
cegah penyebaran virus,1390
covid 19 dan,1389
health care workers,1389
first covid 19,1387
covid 19 like,1387
nuevos casos covid19,1380
19 cases surge,1379
realdonaldtrump us_fda tuckercarlson,1375
tracker ireland fight,1374
ireland fight covid,1368
covid19 last days,1367
firm links gove,1364
join covid tracker,1358
cases per day,1357
recovered covid 19,1353
nuevos covid 19,1352
coronavirus indiafightscorona stayhome,1349
july 10 2020,1346
covid19india coronavirus indiafightscorona,1346
bot covid19 last,1345
covid19 bot covid19,1345
last days stats,1345
lengan panjang membawa,1338
terapkan hidup bersih,1337
contagiados covid 19,1328
60 000 new,1324
casos nuevos covid,1323
people wear masks,1317
daily cases increase,1316
death toll rises,1314
wave covid 19,1313
caso covid 19,1312
covid 19 covid,1311
covid 19 puede,1302
19 via youtube,1301
rising covid 19,1300
19 dengan menggunakan,1300
spreading covid 19,1299
山本太郎 電通五輪ファースト 小池百合子,1298
reported today utc,1298
today utc time,1298
control covid 19,1294
safe distance wash,1291
say coronavirus airborne,1288
causa covid 19,1288
membawa tisu basah,1288
hands often cover,1287
panjang membawa tisu,1285
the covid 19,1285
home covid 19,1282
berbelanja di masa,1281
catch covid 19,1281
fullest look yet,1277
covid 19 china,1276
dan sehatbersama kita,1273
sehatbersama kita lawan,1273
bersih dan sehatbersama,1272
cas covid 19,1272
himbauan kepada masyarakat,1272
000 americans died,1271
covid 19 protocols,1270
often cover cough,1261
much keep safe,1259
home much keep,1259
new cases reported,1257
send kids back,1256
19 cases deaths,1253
covid 19 yang,1250
covid 19 sangat,1249
people wearing masks,1249
knee deep first,1249
combate covid 19,1246
電通五輪ファースト 小池百合子 nhk,1244
ng covid 19,1244
19 test results,1244
treatment covid 19,1244
current covid 19,1242
covid 19 hit,1241
читать на литмаркет,1240
florida covid 19,1239
di tengah wabah,1237
sweden become world,1235
covid 19 não,1235
high covid 19,1235
deep first wave,1233
virus corona di,1232
tests covid 19,1227
racial inequity coronavirus,1226
world cautionary tale,1225
covid 19 health,1224
wabah pandemi covid,1222
related covid 19,1221
become world cautionary,1221
19 cases reported,1219
look yet racial,1216
covid 19 trump,1211
news coronavirus covid19,1211
confirmed cases covid,1210
even covid 19,1210
dengan terapkan hidup,1206
hospitalized covid 19,1206
sehat di tengah,1206
covid 19 vaccines,1205
sebagai upaya mencegah,1205
prinsip hidup bersih,1204
yet racial inequity,1204
dan sehat di,1203
tengah wabah pandemi,1202
people tested positive,1202
de covid 19,1201
trump june rally,1201
tisu basah hand,1200
basah hand sanitizer,1199
19 sangat diutamakan,1198
federal coronavirus aid,1196
sangat diutamakan sebagai,1195
diutamakan sebagai upaya,1195
news covid19 coronavirus,1194
treat whistleblowers foxnews,1192
disney world reopens,1191
prevención covid 19,1189
says tested positive,1188
polriajaktatananhidupbaru dengan terapkan,1187
19 surge wake,1185
presidente brasil jair,1183
johns hopkins university,1183
coronavirus live news,1183
covid 19 spreads,1178
even feel well,1177
covid 19 affected,1173
upaya mencegah penyebaran,1172
tiempos covid 19,1172
covid 19 aid,1168
called covid 19,1168
risk cases sooner,1165
kepada masyarakat tentang,1164
sooner self reporting,1163
cases sooner self,1162
identify risk cases,1161
long term care,1161
19 covid 19,1161
spread covid19 identify,1160
death covid 19,1160
daily even feel,1160
surge wake trump,1160
self reporting symptoms,1160
symptoms daily even,1159
reporting symptoms daily,1159
covid19 identify risk,1159
wake trump june,1159
melaksanakan himbauan kepada,1158
tulsa sees covid,1157
aman dari covid19,1157
wear face masks,1156
scientists say coronavirus,1154
feel well download,1153
pandemic covid 19,1151
casos confirmados coronavirus,1150
polres padang pariaman,1148
corona di pusat,1148
covid 19 cure,1146
well download app,1146
covid 19 spreading,1144
masyarakat tentang tatanan,1143
wear fucking mask,1143
covid19 akbpdianugrahahbwps polrespadangpariaman,1142
produktif aman dari,1142
akbpdianugrahahbwps polrespadangpariaman patriotdigitalpolri,1142
dari covid19 akbpdianugrahahbwps,1142
new cases day,1140
country covid 19,1139
pariaman melaksanakan himbauan,1138
pandemic news coronavirus,1138
padang pariaman melaksanakan,1138
trumpvirus trumpvirus trumpvirus,1137
second wave coronavirus,1134
day covid 19,1134
said covid 19,1133
well soon sir,1132
coronavirus sars cov,1130
global pandemic news,1129
symptoms covid 19,1128
contracting covid 19,1127
covid 19 ini,1126
coronavirus covid19 protests,1123
third worst hit,1120
bbc news mundo,1120
coronavirus cases soar,1118
impacto covid 19,1117
coronavirus pandemic via,1115
000 americans dead,1115
contracted covid 19,1112
protect covid 19,1112
covid 19 today,1110
caused covid 19,1108
cases last 24,1107
bachchan tests positive,1106
hit covid 19,1101
pembelanjaanaman berbelanja di,1097
di pusat pembelanjaanaman,1097
pusat pembelanjaanaman berbelanja,1097
covid19 coronavirus pandemic,1095
000 new covid,1093
organización mundial salud,1093
covid 19 fears,1093
news covid 19,1092
130 000 deaths,1090
síntomas covid 19,1088
crystal clear drunk,1086
clear drunk people,1082
screaming inside heart,1078
record covid 19,1072
trump rally likely,1072
eu coronavirus vaccine,1071
paycheck protection program,1070
covid 19 et,1067
coronavirus brazil president,1065
ask revise recommendations,1064
abc news via,1059
coronavirus cases totally,1059
new confirmed cases,1058
nick cordero broadway,1057
vaccine covid 19,1057
covid 19 hospitalizations,1056
potential covid 19,1056
amitabh bachchan tests,1055
treat covid 19,1055
impacted covid 19,1053
without covid 19,1053
airborne ask revise,1052
19 di indonesia,1051
county health department,1051
medicamento covid 19,1050
19 mortality rate,1049
one big claim,1049
evidence airborne transmission,1048
claim 99 covid,1047
county covid 19,1046
go back work,1044
unknown pneumonia deadlier,1042
covid 19 impacted,1041
contre covid 19,1039
cases new deaths,1039
tv interviews never,1038
rfid microchip mark,1037
say covid 19,1037
video via gatewaypundit,1036
nbc guest doctor,1036
testa positivo covid,1036
fda commissioner declines,1036
コロナは災害オリンピックは中止 山本太郎 電通五輪ファースト,1035
tests positive covid19,1034
diagnosed covid 19,1033
airborne spread coronavirus,1033
coronavirus cases hit,1032
microchip mark beast,1029
hundreds scientists say,1029
combatir covid 19,1028
experts one big,1027
covid 19 fight,1026
people socially distance,1023
testing covid 19,1022
bolsonaro testa positivo,1022
covid 19 antibody,1021
covid 19 social,1021
suffering coronavirus hospital,1019
covid 19 exposure,1019
trump handling coronavirus,1018
hospital tv interviews,1017
coronavirus cases deaths,1016
since pandemic began,1015
coronavirus hospital tv,1015
presidente jair bolsonaro,1015
severe covid 19,1015
covid 19 florida,1014
guest doctor suffering,1011
doctor suffering coronavirus,1011
amidst covid 19,1011
coronavirus airborne ask,1009
protokol kesehatan untuk,1009
interviews never coronavirus,1007
239 experts one,1007
casos nuevos coronavirus,1006
regarding covid 19,1003
wear face mask,1003
menerapkan protokol kesehatan,1002
contract covid 19,1002
release 000 prisoners,1001
covid 19 people,999
spain adds evidence,996
percepatan penanganan covid,995
vacina covid 19,995
wearing face masks,995
per 100 000,994
treating covid 19,993
wearing face mask,992
ministério da saúde,992
aman dari covid,991
rising coronavirus cases,990
drunk people socially,989
study spain adds,987
19 antibodies study,987
ongoing covid 19,985
state covid 19,985
अम बच चन,984
antibodies study spain,984
risiko penularan covid,983
work covid 19,981
walt disney world,976
covid 19 epidemic,976
coronavirus impact economy,975
deadly covid 19,970
never coronavirus video,970
stop covid 19,970
health care system,970
19 cases totally,969
covid 19 nas,969
following covid 19,967
covid 19 protocol,963
10 000 new,962
disease covid 19,961
covid 19 drug,960
10 07 2020,960
people died covid,960
for covid 19,958
covid 19 get,958
nick cordero dead,956
safe covid 19,956
crise du coronavirus,954
richardgrenell donaldjtrumpjr kimguilfoyle,953
mattgaetz richardgrenell donaldjtrumpjr,953
jaga jarak sosial,952
impacts covid 19,952
wow nbc guest,951
covid 19 care,951
وفاة جديدة بـ,950
sosial social distancing,950
terhadap risiko penularan,950
status jaga jarak,949
social distancing terhadap,949
jarak sosial social,949
pembaharuan status jaga,949
jakarta kcioke ptkci,949
news via abc,949
distancing terhadap risiko,949
إجمالي عدد الحالات,948
filho da puta,948
must read article,947
000 dead americans,944
bersama cegah penyebaran,944
satgas aman nusa,943
teste covid 19,943
like amp retweet,942
covid 19 drugs,942
new cases new,941
news times india,940
untuk pencegahan penyebaran,937
ليصبح إجمالي عدد,937
coronavirus crystal clear,937
coronavirus via youtube,937
covid 19 emergency,936
covid 19 changed,934
covid 19 also,934
new coronavirus infections,934
coronavirus cases spike,934
covid 19 free,933
ayo bersama cegah,932
covid 19 stats,930
global coronavirus cases,928
negativo covid 19,928
recovery covid 19,928
result covid 19,927
trump claims 99,927
covid 19 diagnosis,926
bolsonaro covid 19,926
tetap patuhi protokol,926
jptu jabatanpenerangan covid19,925
covid 19 últimas,924
ao covid 19,924
covid 19 contact,921
covid_19 coronavirus covid19,921
aman nusa covid,920
covid 19 one,920
nusa covid 19,920
tim satgas aman,919
covid 19 si,918
casos positivos covid19,918
dies 41 months,917
covid 19 daily,917
practice social distancing,916
cashless society know,916
covid 19 economy,915
covid 19 economic,912
polriajaktatananhidupbaru ayo bersama,910
07 07 2020,908
testing positive coronavirus,908
covid 19 even,908
حالة جديدة وتسجيل,904
missouri summer camp,904
people like amp,903
covid 19 disease,903
covid 19 día,902
new covid19 positive,902
covid 19 hits,901
record single day,900
covid 19 really,899
19 ليصبح إجمالي,899
covid 19 ليصبح,899
جديدة بـ فيروس_كورونا_المستجد,897
needs come clean,897
government covid 19,895
emerging evidence airborne,895
number covid19 cases,895
come clean coronavirus,895
rebrote covid 19,891
lawan covid 19,890
bottoms tests positive,889
tatanan normal baru,889
hand sanitizer dan,889
di tengah pandemi,889
cuarentena covid 19,887
back covid 19,887
américa latina medicamento,887
admitted nanavati hospital,887
exposed covid 19,886
outbreak pandemic sars,886
coronavirus últimas 24,886
05 07 2020,886
pneumonia deadlier coronavirus,885
dead covid 19,885
deaths per million,884
white house coronavirus,884
war covid 19,884
kasus positif covid,883
dan tetap jaga,882
stop spread coronavirus,882
communist party needs,882
на covid 19,882
first wave coronavirus,881
sintomas covid 19,880
covid 19 reported,879
party needs come,879
people dying home,878
فيروس_كورونا_المستجد covid 19,878
covidexplained חינוך wisdom,878
china covid 19,878
coronavirus covid19 covidhoax,877
بـ فيروس_كورونا_المستجد covid,877
amitabh bachchan abhishek,876
covid 19 months,876
navarro chinese communist,875
trumpstudents realdonaldtrump mattgaetz,874
kesehatan untuk pencegahan,874
realdonaldtrump mattgaetz richardgrenell,873
coronatimo coronafarsa genocidio,873
periodistascobardes covid_19 coronavirus,873
covid 19 state,872
gov greg abbott,872
41 months covid,871
combat covid 19,871
sanitizer dan tetap,869
covid 19 victims,869
stop spread covid,868
covid 19 support,866
masker jaga jarak,866
care covid 19,865
covid 19 surges,864
claim 99 percent,864
situación covid 19,864
peter navarro chinese,863
children back school,860
000 covid deaths,860
confirmed covid19 cases,859
may originated china,859
novos casos covid,859
person person contact,858
cordero broadway actor,858
el covid 19,857
coronavirus cases harmless,857
education covidexplained חינוך,856
covid 19 india,854
normal baru produktif,854
percent covid 19,854
covid 19 research,853
covid 19 many,853
covid 19 quarantine,853
time national crisis,852
bolsonaro dio positivo,851
deaths last 24,851
19menerapkan prinsip hidup,850
catching covid 19,850
covid 19menerapkan prinsip,850
lawan covid 19menerapkan,850
immunity covid 19,849
port du masque,848
niro lawyer says,848
covid 19 close,848
trump connected lobbyists,847
09 07 2020,847
covid 19 sa,847
using covid 19,845
americans grow numb,845
covid 19 two,844
play safe play,844
tetap jaga jarak,843
mild case covid,843
cumm ads suggests,842
ads suggests limiting,842
coronavirus beaten play,842
beaten play safe,842
limiting person person,842
suggests limiting person,842
part covid 19,842
person contact coronavirus,842
national crisis cumm,842
safe play online,842
contact coronavirus beaten,842
crisis cumm ads,842
airborne transmission covid,841
covid 19 made,840
jair bolsonaro da,840
covid 19 killed,839
dio positivo prueba,839
aumento casos covid,838
il covid 19,838
عن تأكيد إصابة,838
state health department,837
américa latina caribe,837
surpasses 000 000,835
latina medicamento covid,835
19 deaths world,835
mil casos covid,833
covid19 corona trendingnews,833
na covid 19,831
new deaths total,831
hospital covid 19,831
mask wash hands,830
covid 19 inherited,830
major source coronavirus,829
dari covid 19,829
exame covid 19,827
prevent spread covid,827
active covid 19,825
please help us,825
08 07 2020,825
causes covid 19,825
positivo prueba coronavirus,824
still knee deep,823
think mild case,823
acknowledges evidence emerging,822
covid 19 com,821
coronavirus cases via,821
us coronavirus cases,820
noalnuevoordenmundial noalbozal noalamascarillaobligatoria,820
coronavirus transmite aire,820
noalbozal noalamascarillaobligatoria noalavacuna,819
wake covid 19,819
losing epidemic status,819
meaning behind calculating,815
second wave covid,815
cause covid 19,814
july 11 2020,814
menjaga kebugaran tubuh,813
broadway actor dies,813
salah satu upaya,813
covid 19 sound,812
sound bad think,812
covid 19 rt,812
kcioke ptkci stasiunbogor,809
stasiun bogor zona,809
19 positive cases,809
covid19 covid coronavirus,809
possible covid 19,808
covid 19 since,808
cases hit record,806
health official says,806
cegah covid 19,806
polriajaktatananhidupbaru bersepeda sehat,802
robert niro lawyer,801
today covid 19,800
prevent spread coronavirus,800
000 total covid,799
hidden meaning behind,799
dna linked covid,798
report covid 19,798
new south wales,798
19 sound bad,797
maxwell tested positive,797
one died coronavirus,796
one wants americans,795
coronavirus covid19 pandemic,794
000 people died,794
close losing epidemic,793
per covid 19,791
70 000 new,790
sebagai salah satu,790
baru produktif aman,790
kini tengah ramai,790
